source,scraped_at,url,sku,title,image_url,price,currency,category,price_source,original_price,discount_pct,region_slug,city,location,summary_params,published_at,published_text,seller_name,seller_type,seller_id,seller_url,seller_rating,seller_reviews,promoted,badges,delivery,page,position
avito.ru,2026-10-06T11:43:07.634024+00:00,https://www.avito.ru/moskva/telefony/iphone_17_256_gb_sim_esim_8212942358,8212942358,"iPhone 17, 256 ГБ, SIM + eSIM",https://b00.img.avito.st/image/1/1.ZNuvMraAyDK5kmoz639ju6mSyjYdhcwyHeKpNh0xyZAakcwouZJqMxk.aHU5HRzdDeQ1tnIcIE9uwyDjWU9oQjTkZAyGoc9I0C8?cqp=2.2LhnDdKx1gU5sZ7QAbwhSdJoeYt5K_KL9JwGcCXpGrDVbBxJ1yJf9Jn7hY3rGWaiHtSha9zz1w==,64935.0,RUB,,dom,,,moskva,Москва,"Багратионовская, 6–10 мин.",Новый,,,Продавец 1,,seller1,https://www.avito.ru/brands/seller1,5.0,624,True,Реквизиты проверены | яПомогаю,,1,1
avito.ru,2026-10-06T11:43:07.639160+00:00,https://www.avito.ru/moskva/telefony/iphone_17_pro_512_gb_8286114224,8286114224,"iPhone 17 Pro, 512 ГБ",https://c70.img.avito.st/image/1/1.gxuaVbaAL_KM9Y3zkF_ZKYD1LfYo4ivyKIVO9ihWLlAv9ivojPWN8yw.riB6BxxslUpfw7lj9IO8mEk6HWk14cv7Kwz98zqvx-k,103090.0,RUB,,dom,,,moskva,Москва,"Фили, 6–10 мин.",Новый,,,Продавец 2,,seller2,https://www.avito.ru/brands/seller2,5.0,706,True,Реквизиты проверены,,1,2
avito.ru,2026-10-06T11:43:07.641966+00:00,https://www.avito.ru/moskva/telefony/iphone_17_pro_max_256_gb_sim_esim_8213705577,8213705577,"iPhone 17 Pro Max, 256 ГБ, SIM + eSIM",https://b50.img.avito.st/image/1/1.A1rQzraAr7PGbg2y2tY9JtdurbdieauzYh7Ot2LNrhFlbaupxm4NsmY.vi3a2O64Z2U--1anlU4vrkDMd4tKQM-eInSXwV-Xvv0,95895.0,RUB,,dom,,,moskva,Москва,"Багратионовская, 6–10 мин.",Новый,,,Продавец 1,,seller1,https://www.avito.ru/brands/seller1,5.0,624,True,Реквизиты проверены | яПомогаю,,1,3
avito.ru,2026-10-06T11:43:07.645069+00:00,https://www.avito.ru/moskva/telefony/iphone_17_pro_max_256_gb_sim_esim_8212981495,8212981495,"iPhone 17 Pro Max, 256 ГБ, SIM + eSIM",https://c60.img.avito.st/image/1/1.l0L4ebaAO6vu2Zmq2jPVM__ZOa9Kzj-rSqlar0p6OglN2j-x7tmZqk4.j3HSngjNvN9GLjr03SI5mDJLSEGoMHfcrM8sOa-pURU,94905.0,RUB,,dom,,,moskva,Москва,"Багратионовская, 6–10 мин.",Новый,,,Продавец 1,,seller1,https://www.avito.ru/brands/seller1,5.0,624,True,Реквизиты проверены | яПомогаю,,1,4
avito.ru,2026-10-06T11:43:07.648126+00:00,https://www.avito.ru/moskva/telefony/iphone_13_pro_256_gb_sim_esim_8357725150,8357725150,"iPhone 13 Pro, 256 ГБ, SIM + eSIM",https://80.img.avito.st/image/1/1.sJr21LaAHHPgdL5ymob_4ud0HndEYxhzRAR9d0TXHdFDdxhp4HS-ckA.fB_OLj0DIYWjABRTAQQ2hroMOe3r8p8i46jj_H2IOKA,24990.0,RUB,,dom,,,moskva,Москва,"Автозаводская, до 5 мин.",Б/у,,,Продавец 3,,seller3,https://www.avito.ru/brands/seller3,5.0,61,True,Надёжный продавец,,1,5
avito.ru,2026-10-06T11:43:07.650845+00:00,https://www.avito.ru/moskva/telefony/iphone_14_pro_256_gb_sim_esim_8281341264,8281341264,"iPhone 14 Pro, 256 ГБ, SIM + eSIM",https://30.img.avito.st/image/1/1.srA2rbaAHlkgDbxYXvuVzyANHF2EGhpZhH1_XYSuH_uDDhpDIA28WIA.qKNZvkWRHzA71dXXGQM9lRGDtUJ6-mpDJ3PolntMS7U?cqp=2.2LhnDdKx1gU5sZ7QAbwhSdJoeYt5K_KL9JwGcCXpGrDVbBxJ1yJf9Jn7hY3rGWaiHtSha9zz1w==,30990.0,RUB,,dom,,,moskva,Москва,"Автозаводская, до 5 мин.",Б/у,,,Продавец 3,,seller3,https://www.avito.ru/brands/seller3,5.0,61,True,Надёжный продавец,,1,6
avito.ru,2026-10-06T11:43:07.653573+00:00,https://www.avito.ru/moskva/telefony/iphone_17_pro_max_256_gb_esim_8213500212,8213500212,"iPhone 17 Pro Max, 256 ГБ, eSIM",https://20.img.avito.st/image/1/1.5yPoU7aAS8r-8-nLqmT7Re7zSc5a5E_KWoMqzlpQSmhd8E_Q_vPpy14.YU2EzDSYW_m2lkSh8Cfyl27WbR3vGq_vp_05XsuWubM?cqp=2.2LhnDdKx1gU5sZ7QAbwhSdJoeYt5K_KL9JwGcCXpGrDVbBxJ1yJf9Jn7hY3rGWaiHtSha9zz1w==,86625.0,RUB,,dom,,,moskva,Москва,"Багратионовская, 6–10 мин.",Новый,,,Продавец 1,,seller1,https://www.avito.ru/brands/seller1,5.0,624,True,Реквизиты проверены | яПомогаю,,1,7
avito.ru,2026-10-06T11:43:07.656682+00:00,https://www.avito.ru/moskva/telefony/iphone_17_256_gb_sim_esim_8245354778,8245354778,"iPhone 17, 256 ГБ, SIM + eSIM",/static/buyer-pages-mfe/global/../assets/216162157c76b087.svg,62990.0,RUB,,dom,,,moskva,,"Багратионовская, 6–10 мин.",Новый,,,Продавец 1,,seller1,https://www.avito.ru/brands/seller1,5.0,624,True,Реквизиты проверены | яПомогаю,,1,8
avito.ru,2026-10-06T11:43:07.659977+00:00,https://www.avito.ru/moskva/telefony/iphone_17_pro_256_gb_esim_8213828098,8213828098,"iPhone 17 Pro, 256 ГБ, eSIM",/static/buyer-pages-mfe/global/../assets/216162157c76b087.svg,83691.0,RUB,,dom,,,moskva,,"Багратионовская, 6–10 мин.",Новый,,,Продавец 1,,seller1,https://www.avito.ru/brands/seller1,5.0,624,True,Реквизиты проверены | яПомогаю,,1,9
avito.ru,2026-10-06T11:43:07.663247+00:00,https://www.avito.ru/moskva/telefony/iphone_15_pro_256_gb_sim_esim_8360900585,8360900585,"iPhone 15 Pro, 256 ГБ, SIM + eSIM",/static/buyer-pages-mfe/global/../assets/216162157c76b087.svg,38990.0,RUB,,dom,,,moskva,,"Автозаводская, до 5 мин.",Б/у,,,Продавец 3,,seller3,https://www.avito.ru/brands/seller3,5.0,61,True,Надёжный продавец,,1,10
